Workbook

Sheet Group
A1: Id | B1: 구성 유닛(json)
A2: Standard_A | B2: ["Fighter"]
A3: Standard_B | B3: ["Tank", "Soldier", "Sniper","Dog"]
A4: PlayeGroup_1 | B4: ["Fighter"]
A5: PlayeGroup_2 | B5: ["Rogue"]
A6: PlayeGroup_3 | B6: ["Archer"]
A7: PlayeGroup_4 | B7: ["Guardian"]
A8: PlayeGroup_5 | B8: ["Sorcerer"]
A9: PlayeGroup_6 | B9: ["Fighter","Rogue"]
A10: PlayeGroup_7 | B10: ["Fighter","Archer"]
A11: PlayeGroup_8 | B11: ["Fighter","Guardian"]
A12: PlayeGroup_9 | B12: ["Fighter","Sorcerer"]
... A15: MonsterGroup_3 | B15: ["Soldier", "Crossbowman", "Dog","Dog"]
A16: MonsterGroup_4 | B16: ["EliteKnight"] | E16: ㄴ
A17: MonsterGroup_5 | B17: ["EliteKnight","Crossbowman"]
A18: MonsterGroup_6 | B18: [{"id":"Tank","n":1},{"id":"Soldier","n":2},{"id":"Crossbowman","n":1},{"id":"Dog","n":1}]
A19: MonsterGroup_7 | B19: [{"id":"Tank","n":2},{"id":"Soldier","n":4},{"id":"Crossbowman","n":2},{"id":"Dog","n":2}]
A20: MonsterGroup_8 | B20: [{"id":"Tank","n":1},{"id":"Soldier","n":3},{"id":"Crossbowman","n":1},{"id":"Sniper","n":1}]
A21: MonsterGroup_9 | B21: ["Soldier"]

Sheet Units
A1: Id | B1: 타입 | C1: 이동 속도 | D1: 공격 속도 | E1: 체력 | F1: 공격력 | G1: 방어력 | H1: 사정거리 | I1: 공격범위 | J1: 탐지범위 | K1: 명중률 | L1: 회피율 | M1: 캐스팅 | N1: 포션등급 | O1: 포션개수 | P1: 포션쿨 | Q1: AttackId | R1: BrainId
A2: Fighter | B2: player | C2: =VLOOKUP($A2, TuneValue!$A$2:$J$1000, 3, FALSE) * BaseValue!$C$6 -> 100 | D2: =VLOOKUP($A2, TuneValue!$A$2:$I$1000, 4, FALSE) * BaseValue!$C$7 -> 1 | E2: =VLOOKUP($A2, TuneValue!$A$2:$I$1000, 5, FALSE) * BaseValue!$C$8 -> 390 | F2: =VLOOKUP($A2, TuneValue!$A$2:$I$1000, 6, FALSE) * BaseValue!$C$9 -> 22.5 | G2: =VLOOKUP($A2, TuneValue!$A$2:$I$1000, 7, FALSE) * BaseValue!$C$10 -> 10.725 | H2: =VLOOKUP($A2, TuneValue!$A$2:$I$1000, 8, FALSE) * BaseValue!$C$11 -> 20 | I2: =VLOOKUP($A2, TuneValue!$A$2:$I$1000, 9, FALSE) * BaseValue!$C$12 -> 25 | J2: =VLOOKUP($A2, TuneValue!$A$2:$J$1000, 10, FALSE) * BaseValue!$C$14 -> 100 | K2: 1 | L2: 0.2 | M2: 0.5 | N2: 1 | O2: 0 | P2: 8 | Q2: single | R2: basic_chase
A3: Rogue | B3: player | C3: =VLOOKUP($A3, TuneValue!$A$2:$J$1000, 3, FALSE) * BaseValue!$C$6 -> 100 | D3: =VLOOKUP($A3, TuneValue!$A$2:$I$1000, 4, FALSE) * BaseValue!$C$7 -> 2 | E3: =VLOOKUP($A3, TuneValue!$A$2:$I$1000, 5, FALSE) * BaseValue!$C$8 -> 150 | F3: =VLOOKUP($A3, TuneValue!$A$2:$I$1000, 6, FALSE) * BaseValue!$C$9 -> 36.25 | G3: =VLOOKUP($A3, TuneValue!$A$2:$I$1000, 7, FALSE) * BaseValue!$C$10 -> 8.25 | H3: =VLOOKUP($A3, TuneValue!$A$2:$I$1000, 8, FALSE) * BaseValue!$C$11 -> 15 | I3: =VLOOKUP($A3, TuneValue!$A$2:$I$1000, 9, FALSE) * BaseValue!$C$12 -> 0 | J3: =VLOOKUP($A3, TuneValue!$A$2:$J$1000, 10, FALSE) * BaseValue!$C$14 -> 100 | K3: 1 | L3: 0.35 | M3: 0.25 | N3: 1 | O3: 0 | P3: 8 | Q3: single | R3: flee
A4: Archer | B4: player | C4: =VLOOKUP($A4, TuneValue!$A$2:$J$1000, 3, FALSE) * BaseValue!$C$6 -> 100 | D4: =VLOOKUP($A4, TuneValue!$A$2:$I$1000, 4, FALSE) * BaseValue!$C$7 -> 0.75 | E4: =VLOOKUP($A4, TuneValue!$A$2:$I$1000, 5, FALSE) * BaseValue!$C$8 -> 225 | F4: =VLOOKUP($A4, TuneValue!$A$2:$I$1000, 6, FALSE) * BaseValue!$C$9 -> 62.5 | G4: =VLOOKUP($A4, TuneValue!$A$2:$I$1000, 7, FALSE) * BaseValue!$C$10 -> 8.25 | H4: =VLOOKUP($A4, TuneValue!$A$2:$I$1000, 8, FALSE) * BaseValue!$C$11 -> 200 | I4: =VLOOKUP($A4, TuneValue!$A$2:$I$1000, 9, FALSE) * BaseValue!$C$12 -> 0 | J4: =VLOOKUP($A4, TuneValue!$A$2:$J$1000, 10, FALSE) * BaseValue!$C$14 -> 100 | K4: 1 | L4: 0.15 | M4: 0.5 | N4: 1 | O4: 0 | P4: 8 | Q4: single | R4: kite_smart
A5: Guardian | B5: player | C5: =VLOOKUP($A5, TuneValue!$A$2:$J$1000, 3, FALSE) * BaseValue!$C$6 -> 100 | D5: =VLOOKUP($A5, TuneValue!$A$2:$I$1000, 4, FALSE) * BaseValue!$C$7 -> 1 | E5: =VLOOKUP($A5, TuneValue!$A$2:$I$1000, 5, FALSE) * BaseValue!$C$8 -> 600 | F5: =VLOOKUP($A5, TuneValue!$A$2:$I$1000, 6, FALSE) * BaseValue!$C$9 -> 12.5 | G5: =VLOOKUP($A5, TuneValue!$A$2:$I$1000, 7, FALSE) * BaseValue!$C$10 -> 24.75 | H5: =VLOOKUP($A5, TuneValue!$A$2:$I$1000, 8, FALSE) * BaseValue!$C$11 -> 15 | I5: =VLOOKUP($A5, TuneValue!$A$2:$I$1000, 9, FALSE) * BaseValue!$C$12 -> 25 | J5: =VLOOKUP($A5, TuneValue!$A$2:$J$1000, 10, FALSE) * BaseValue!$C$14 -> 100 | K5: 1 | L5: 0.35 | M5: 0.5 | N5: 1 | O5: 0 | P5: 8 | Q5: aoe_attacker | R5: basic_chase
A6: Sorcerer | B6: player | C6: =VLOOKUP($A6, TuneValue!$A$2:$J$1000, 3, FALSE) * BaseValue!$C$6 -> 100 | D6: =VLOOKUP($A6, TuneValue!$A$2:$I$1000, 4, FALSE) * BaseValue!$C$7 -> 1 | E6: =VLOOKUP($A6, TuneValue!$A$2:$I$1000, 5, FALSE) * BaseValue!$C$8 -> 150 | F6: =VLOOKUP($A6, TuneValue!$A$2:$I$1000, 6, FALSE) * BaseValue!$C$9 -> 25 | G6: =VLOOKUP($A6, TuneValue!$A$2:$I$1000, 7, FALSE) * BaseValue!$C$10 -> 8.25 | H6: =VLOOKUP($A6, TuneValue!$A$2:$I$1000, 8, FALSE) * BaseValue!$C$11 -> 150 | I6: =VLOOKUP($A6, TuneValue!$A$2:$I$1000, 9, FALSE) * BaseValue!$C$12 -> 40 | J6: =VLOOKUP($A6, TuneValue!$A$2:$J$1000, 10, FALSE) * BaseValue!$C$14 -> 100 | K6: 1 | L6: 0.15 | M6: 0.5 | N6: 1 | O6: 0 | P6: 8 | Q6: aoe_target | R6: kite_smart
A7: Soldier | B7: melee | C7: =VLOOKUP($A7, TuneValue!$A$2:$J$1000, 3, FALSE) * BaseValue!$C$6 -> 70 | D7: =VLOOKUP($A7, TuneValue!$A$2:$I$1000, 4, FALSE) * BaseValue!$C$7 -> 0.33 | E7: =VLOOKUP($A7, TuneValue!$A$2:$I$1000, 5, FALSE) * BaseValue!$C$8 -> 75 | F7: =VLOOKUP($A7, TuneValue!$A$2:$I$1000, 6, FALSE) * BaseValue!$C$9 -> 41.25 | G7: =VLOOKUP($A7, TuneValue!$A$2:$I$1000, 7, FALSE) * BaseValue!$C$10 -> 0 | H7: =VLOOKUP($A7, TuneValue!$A$2:$I$1000, 8, FALSE) * BaseValue!$C$11 -> 40 | I7: =VLOOKUP($A7, TuneValue!$A$2:$I$1000, 9, FALSE) * BaseValue!$C$12 -> 0 | J7: =VLOOKUP($A7, TuneValue!$A$2:$J$1000, 10, FALSE) * BaseValue!$C$14 -> 100 | K7: 0.85 | L7: 0.15 | M7: 0.5 | N7: 1 | O7: 0 | P7: 8 | Q7: single | R7: basic_chase
A8: Crossbowman | B8: ranged | C8: =VLOOKUP($A8, TuneValue!$A$2:$J$1000, 3, FALSE) * BaseValue!$C$6 -> 70 | D8: =VLOOKUP($A8, TuneValue!$A$2:$I$1000, 4, FALSE) * BaseValue!$C$7 -> 0.165 | E8: =VLOOKUP($A8, TuneValue!$A$2:$I$1000, 5, FALSE) * BaseValue!$C$8 -> 75 | F8: =VLOOKUP($A8, TuneValue!$A$2:$I$1000, 6, FALSE) * BaseValue!$C$9 -> 27.5 | G8: =VLOOKUP($A8, TuneValue!$A$2:$I$1000, 7, FALSE) * BaseValue!$C$10 -> 1.2375 | H8: =VLOOKUP($A8, TuneValue!$A$2:$I$1000, 8, FALSE) * BaseValue!$C$11 -> 150 | I8: =VLOOKUP($A8, TuneValue!$A$2:$I$1000, 9, FALSE) * BaseValue!$C$12 -> 0 | J8: =VLOOKUP($A8, TuneValue!$A$2:$J$1000, 10, FALSE) * BaseValue!$C$14 -> 100 | K8: 0.85 | L8: 0.15 | M8: 0.5 | N8: 1 | O8: 0 | P8: 8 | Q8: single | R8: kite
A9: Tank | B9: melee | C9: =VLOOKUP($A9, TuneValue!$A$2:$J$1000, 3, FALSE) * BaseValue!$C$6 -> 70 | D9: =VLOOKUP($A9, TuneValue!$A$2:$I$1000, 4, FALSE) * BaseValue!$C$7 -> 0.33 | E9: =VLOOKUP($A9, TuneValue!$A$2:$I$1000, 5, FALSE) * BaseValue!$C$8 -> 105 | F9: =VLOOKUP($A9, TuneValue!$A$2:$I$1000, 6, FALSE) * BaseValue!$C$9 -> 33.75 | G9: =VLOOKUP($A9, TuneValue!$A$2:$I$1000, 7, FALSE) * BaseValue!$C$10 -> 1.2375 | H9: =VLOOKUP($A9, TuneValue!$A$2:$I$1000, 8, FALSE) * BaseValue!$C$11 -> 20 | I9: =VLOOKUP($A9, TuneValue!$A$2:$I$1000, 9, FALSE) * BaseValue!$C$12 -> 0 | J9: =VLOOKUP($A9, TuneValue!$A$2:$J$1000, 10, FALSE) * BaseValue!$C$14 -> 100 | K9: 0.85 | L9: 0.15 | M9: 0.5 | N9: 1 | O9: 0 | P9: 8 | Q9: single | R9: basic_chase
A10: Dog | B10: melee | C10: =VLOOKUP($A10, TuneValue!$A$2:$J$1000, 3, FALSE) * BaseValue!$C$6 -> 70 | D10: =VLOOKUP($A10, TuneValue!$A$2:$I$1000, 4, FALSE) * BaseValue!$C$7 -> 0.33 | E10: =VLOOKUP($A10, TuneValue!$A$2:$I$1000, 5, FALSE) * BaseValue!$C$8 -> 60 | F10: =VLOOKUP($A10, TuneValue!$A$2:$I$1000, 6, FALSE) * BaseValue!$C$9 -> 41.25 | G10: =VLOOKUP($A10, TuneValue!$A$2:$I$1000, 7, FALSE) * BaseValue!$C$10 -> 1.2375 | H10: =VLOOKUP($A10, TuneValue!$A$2:$I$1000, 8, FALSE) * BaseValue!$C$11 -> 20 | I10: =VLOOKUP($A10, TuneValue!$A$2:$I$1000, 9, FALSE) * BaseValue!$C$12 -> 0 | J10: =VLOOKUP($A10, TuneValue!$A$2:$J$1000, 10, FALSE) * BaseValue!$C$14 -> 100 | K10: 0.85 | L10: 0.15 | M10: 0.5 | N10: 1 | O10: 0 | P10: 8 | Q10: single | R10: flee
A11: EliteKnight | B11: melee | C11: =VLOOKUP($A11, TuneValue!$A$2:$J$1000, 3, FALSE) * BaseValue!$C$6 -> 100 | D11: =VLOOKUP($A11, TuneValue!$A$2:$I$1000, 4, FALSE) * BaseValue!$C$7 -> 1 | E11: =VLOOKUP($A11, TuneValue!$A$2:$I$1000, 5, FALSE) * BaseValue!$C$8 -> 900 | F11: =VLOOKUP($A11, TuneValue!$A$2:$I$1000, 6, FALSE) * BaseValue!$C$9 -> 37.5 | G11: =VLOOKUP($A11, TuneValue!$A$2:$I$1000, 7, FALSE) * BaseValue!$C$10 -> 4.125 | H11: =VLOOKUP($A11, TuneValue!$A$2:$I$1000, 8, FALSE) * BaseValue!$C$11 -> 20 | I11: =VLOOKUP($A11, TuneValue!$A$2:$I$1000, 9, FALSE) * BaseValue!$C$12 -> 30 | J11: =VLOOKUP($A11, TuneValue!$A$2:$J$1000, 10, FALSE) * BaseValue!$C$14 -> 100 | K11: 0.85 | L11: 0.15 | M11: 0.5 | N11: 1 | O11: 0 | P11: 8 | Q11: single | R11: basic_chase
A12: FleeSoldier | B12: ranged | C12: =VLOOKUP($A12, TuneValue!$A$2:$J$1000, 3, FALSE) * BaseValue!$C$6 -> 70 | D12: =VLOOKUP($A12, TuneValue!$A$2:$I$1000, 4, FALSE) * BaseValue!$C$7 -> 0.33 | E12: =VLOOKUP($A12, TuneValue!$A$2:$I$1000, 5, FALSE) * BaseValue!$C$8 -> 75 | F12: =VLOOKUP($A12, TuneValue!$A$2:$I$1000, 6, FALSE) * BaseValue!$C$9 -> 41.25 | G12: =VLOOKUP($A12, TuneValue!$A$2:$I$1000, 7, FALSE) * BaseValue!$C$10 -> 1.2375 | H12: =VLOOKUP($A12, TuneValue!$A$2:$I$1000, 8, FALSE) * BaseValue!$C$11 -> 150 | I12: =VLOOKUP($A12, TuneValue!$A$2:$I$1000, 9, FALSE) * BaseValue!$C$12 -> 0 | J12: =VLOOKUP($A12, TuneValue!$A$2:$J$1000, 10, FALSE) * BaseValue!$C$14 -> 100 | K12: 0.85 | L12: 0.15 | M12: 0.5 | N12: 1 | O12: 0 | P12: 8 | Q12: single | R12: flee
A13: FleeCrossbowman | B13: ranged | C13: =VLOOKUP($A13, TuneValue!$A$2:$J$1000, 3, FALSE) * BaseValue!$C$6 -> 70 | D13: =VLOOKUP($A13, TuneValue!$A$2:$I$1000, 4, FALSE) * BaseValue!$C$7 -> 0.33 | E13: =VLOOKUP($A13, TuneValue!$A$2:$I$1000, 5, FALSE) * BaseValue!$C$8 -> 75 | F13: =VLOOKUP($A13, TuneValue!$A$2:$I$1000, 6, FALSE) * BaseValue!$C$9 -> 41.25 | G13: =VLOOKUP($A13, TuneValue!$A$2:$I$1000, 7, FALSE) * BaseValue!$C$10 -> 1.2375 | H13: =VLOOKUP($A13, TuneValue!$A$2:$I$1000, 8, FALSE) * BaseValue!$C$11 -> 150 | I13: =VLOOKUP($A13, TuneValue!$A$2:$I$1000, 9, FALSE) * BaseValue!$C$12 -> 0 | J13: =VLOOKUP($A13, TuneValue!$A$2:$J$1000, 10, FALSE) * BaseValue!$C$14 -> 100 | K13: 0.85 | L13: 0.15 | M13: 0.5 | N13: 1 | O13: 0 | P13: 8 | Q13: single | R13: kite_flee
... A17: Whirlwind | B17: melee | C17: =VLOOKUP($A17, TuneValue!$A$2:$J$1000, 3, FALSE) * BaseValue!$C$6 -> 70 | D17: =VLOOKUP($A17, TuneValue!$A$2:$I$1000, 4, FALSE) * BaseValue!$C$7 -> 0.33 | E17: =VLOOKUP($A17, TuneValue!$A$2:$I$1000, 5, FALSE) * BaseValue!$C$8 -> 75 | F17: =VLOOKUP($A17, TuneValue!$A$2:$I$1000, 6, FALSE) * BaseValue!$C$9 -> 41.25 | G17: =VLOOKUP($A17, TuneValue!$A$2:$I$1000, 7, FALSE) * BaseValue!$C$10 -> 1.2375 | H17: =VLOOKUP($A17, TuneValue!$A$2:$I$1000, 8, FALSE) * BaseValue!$C$11 -> 20 | I17: =VLOOKUP($A17, TuneValue!$A$2:$I$1000, 9, FALSE) * BaseValue!$C$12 -> 30 | J17: =VLOOKUP($A17, TuneValue!$A$2:$J$1000, 10, FALSE) * BaseValue!$C$14 -> 100 | K17: 0.85 | L17: 0.15 | M17: 0.5 | N17: 1 | O17: 0 | P17: 8 | Q17: single | R17: basic_chase

Sheet BaseValue
A1: 카테고리 | B1: 항목 | C1: 값 | D1: 비고
A2: 전투 | B2: 표준 TTK | C2: 12 | D2: 순수 전투 시간 기준
A3: 전투 | B3: 전투 당 플레이어가 받는 피해 비율 | C3: 0.33
A4: 전투 | B4: 몬스터 한 마리 당 적정 처치 시간 | C4: =$C$2/$C$15 -> 4
A5: 플레이어 | B5: 표준 공격력 방어력 비율 | C5: 0.33
A6: 플레이어 | B6: 기준 이동속도 | C6: 100
A7: 플레이어 | B7: 기준 공격속도 | C7: 1
A8: 플레이어 | B8: 기준 체력 | C8: 300
A9: 플레이어 | B9: 기준 공격력 | C9: =$C$8/$C$2 -> 25
A10: 플레이어 | B10: 기준 방어력 | C10: =C9*C5 -> 8.25
A11: 플레이어 | B11: 기준 사정거리 | C11: 20
A12: 플레이어 | B12: 기준 공격범위(AOE) | C12: 20
A13: 플레이어 | B13: 기준 유닛 크기 | C13: 14
A14: 플레이어 | B14: 기준 탐지 거리 | C14: 100
A15: 몬스터 | B15: 몬스터 그룹 당 평균 개체 수 | C15: 3
A16: 몬스터 | B16: 한 마리 당 가해야 하는 피해 (비율) | C16: =$C$3/$C$15 -> 0.11
A17: 몬스터 | B17: 한 마리 당 가해야 하는 피해 | C17: =$C$16*$C$8 -> 33
A18: 몬스터 | B18: 한 마리 당 가하는 피해 비율 | C18: =($C$17+$C$10)/$C$9 -> 1.65 | D18: 표준 공격력 (상대 비율)
A19: 몬스터 | B19: 한 마디 당 받는 피해 | C19: =$C$4*$C$9 -> 100
A20: 몬스터 | B20: 한 마리 당 적정 체력 | C20: =$C$19/$C$8 -> 0.33333333 | D20: 표준 체력 (상대 비율)
A21: 몬스터 | B21: 한 마리 당 적정 공격 속도 | C21: =$C$7/$C$15 -> 0.33333333

Sheet TuneValue
A1: Id | B1: 타입 | C1: 이동 속도 | D1: 공격 속도 | E1: 체력 | F1: 공격력 | G1: 방어력 | H1: 사정거리 | I1: 공격범위 | J1: 탐지범위
A2: Fighter | B2: player | C2: 1 | D2: 1 | E2: 1.3 | F2: 0.9 | G2: 1.3 | H2: 1 | I2: 1.25 | J2: 1
A3: Rogue | B3: player | C3: 1 | D3: 2 | E3: 0.5 | F3: 1.45 | G3: 1 | H3: 0.75 | I3: 0 | J3: 1
A4: Archer | B4: player | C4: 1 | D4: 0.75 | E4: 0.75 | F4: 2.5 | G4: 1 | H4: 10 | I4: 0 | J4: 1
A5: Guardian | B5: player | C5: 1 | D5: 1 | E5: 2 | F5: 0.5 | G5: 3 | H5: 0.75 | I5: 1.25 | J5: 1
A6: Sorcerer | B6: player | C6: 1 | D6: 1 | E6: 0.5 | F6: 1 | G6: 1 | H6: 7.5 | I6: 2 | J6: 1
A7: Soldier | B7: melee | C7: 0.7 | D7: 0.33 | E7: 0.25 | F7: 1.65 | G7: 0 | H7: 2 | I7: 0 | J7: 1
A8: Crossbowman | B8: ranged | C8: 0.7 | D8: 0.165 | E8: 0.25 | F8: 1.1 | G8: 0.15 | H8: 7.5 | I8: 0 | J8: 1
A9: Tank | B9: melee | C9: 0.7 | D9: 0.33 | E9: 0.35 | F9: 1.35 | G9: 0.15 | H9: 1 | I9: 0 | J9: 1
A10: Dog | B10: melee | C10: 0.7 | D10: 0.33 | E10: 0.2 | F10: 1.65 | G10: 0.15 | H10: 1 | I10: 0 | J10: 1
A11: EliteKnight | B11: melee | C11: 1 | D11: 1 | E11: 3 | F11: 1.5 | G11: 0.5 | H11: 1 | I11: 1.5 | J11: 1
A12: FleeSoldier | B12: ranged | C12: 0.7 | D12: 0.33 | E12: 0.25 | F12: 1.65 | G12: 0.15 | H12: 7.5 | I12: 0 | J12: 1
A13: FleeCrossbowman | B13: ranged | C13: 0.7 | D13: 0.33 | E13: 0.25 | F13: 1.65 | G13: 0.15 | H13: 7.5 | I13: 0 | J13: 1
... A17: Whirlwind | B17: melee | C17: 0.7 | D17: 0.33 | E17: 0.25 | F17: 1.65 | G17: 0.15 | H17: 1 | I17: 1.5 | J17: 1

Sheet 참고
A1: Id | B1: 공격력 | C1: 체력 | D1: 공격 속도 | E1: 공격 범위 | F1: 공격 범위 반지름(r) | G1: 최다 히트 수 | H1: 단일 DPS | I1: 최대 DPS | J1: TTK (time to kill this unit) | K1: TTD (time until killed by this unit) | L1: 코멘트
A2: Fighter | B2: =VLOOKUP($A2, Units!$A$2:$I$1000, 6, FALSE) -> 22.5 | C2: =VLOOKUP($A2, Units!$A$2:$I$1000, 5, FALSE) -> 390 | D2: =VLOOKUP($A2, Units!$A$2:$I$1000, 4, FALSE) -> 1 | E2: =VLOOKUP($A2, Units!$A$2:$I$1000, 9, FALSE) -> 25 | F2: =E2/2 -> 12.5 | G2: =IF(E2=0,1,_xlfn.CEILING.MATH(0.9069*(F2*F2)/(BaseValue!$C$13*BaseValue!$C$13))) -> 1 | H2: =B2*D2 -> 22.5 | I2: =H2*G2 -> 22.5 | J2: =C2/BaseValue!$C$9 -> 15.6 | K2: =ROUND(BaseValue!$C$8/(B2*D2), 2) -> 13.33 | L2: 리시타
A3: Rogue | B3: =VLOOKUP($A3, Units!$A$2:$I$1000, 6, FALSE) -> 36.25 | C3: =VLOOKUP($A3, Units!$A$2:$I$1000, 5, FALSE) -> 150 | D3: =VLOOKUP($A3, Units!$A$2:$I$1000, 4, FALSE) -> 2 | E3: =VLOOKUP($A3, Units!$A$2:$I$1000, 9, FALSE) -> 0 | F3: =E3/2 -> 0 | G3: =IF(E3=0,1,_xlfn.CEILING.MATH(0.9069*(F3*F3)/(BaseValue!$C$13*BaseValue!$C$13))) -> 1 | H3: =B3*D3 -> 72.5 | I3: =H3*G3 -> 72.5 | J3: =C3/BaseValue!$C$9 -> 6 | K3: =ROUND(BaseValue!$C$8/(B3*D3), 2) -> 4.14 | L3: 벨라
A4: Archer | B4: =VLOOKUP($A4, Units!$A$2:$I$1000, 6, FALSE) -> 62.5 | C4: =VLOOKUP($A4, Units!$A$2:$I$1000, 5, FALSE) -> 225 | D4: =VLOOKUP($A4, Units!$A$2:$I$1000, 4, FALSE) -> 0.75 | E4: =VLOOKUP($A4, Units!$A$2:$I$1000, 9, FALSE) -> 0 | F4: =E4/2 -> 0 | G4: =IF(E4=0,1,_xlfn.CEILING.MATH(0.9069*(F4*F4)/(BaseValue!$C$13*BaseValue!$C$13))) -> 1 | H4: =B4*D4 -> 46.875 | I4: =H4*G4 -> 46.875 | J4: =C4/BaseValue!$C$9 -> 9 | K4: =ROUND(BaseValue!$C$8/(B4*D4), 2) -> 6.4 | L4: 카이
A5: Guardian | B5: =VLOOKUP($A5, Units!$A$2:$I$1000, 6, FALSE) -> 12.5 | C5: =VLOOKUP($A5, Units!$A$2:$I$1000, 5, FALSE) -> 600 | D5: =VLOOKUP($A5, Units!$A$2:$I$1000, 4, FALSE) -> 1 | E5: =VLOOKUP($A5, Units!$A$2:$I$1000, 9, FALSE) -> 25 | F5: =E5/2 -> 12.5 | G5: =IF(E5=0,1,_xlfn.CEILING.MATH(0.9069*(F5*F5)/(BaseValue!$C$13*BaseValue!$C$13))) -> 1 | H5: =B5*D5 -> 12.5 | I5: =H5*G5 -> 12.5 | J5: =C5/BaseValue!$C$9 -> 24 | K5: =ROUND(BaseValue!$C$8/(B5*D5), 2) -> 24 | L5: 카록
A6: Sorcerer | B6: =VLOOKUP($A6, Units!$A$2:$I$1000, 6, FALSE) -> 25 | C6: =VLOOKUP($A6, Units!$A$2:$I$1000, 5, FALSE) -> 150 | D6: =VLOOKUP($A6, Units!$A$2:$I$1000, 4, FALSE) -> 1 | E6: =VLOOKUP($A6, Units!$A$2:$I$1000, 9, FALSE) -> 40 | F6: =E6/2 -> 20 | G6: =IF(E6=0,1,_xlfn.CEILING.MATH(0.9069*(F6*F6)/(BaseValue!$C$13*BaseValue!$C$13))) -> 2 | H6: =B6*D6 -> 25 | I6: =H6*G6 -> 50 | J6: =C6/BaseValue!$C$9 -> 6 | K6: =ROUND(BaseValue!$C$8/(B6*D6), 2) -> 12 | L6: 이비
A7: Soldier | B7: =VLOOKUP($A7, Units!$A$2:$I$1000, 6, FALSE) -> 41.25 | C7: =VLOOKUP($A7, Units!$A$2:$I$1000, 5, FALSE) -> 75 | D7: =VLOOKUP($A7, Units!$A$2:$I$1000, 4, FALSE) -> 0.33 | E7: =VLOOKUP($A7, Units!$A$2:$I$1000, 9, FALSE) -> 0 | F7: =E7/2 -> 0 | G7: =IF(E7=0,1,_xlfn.CEILING.MATH(0.9069*(F7*F7)/(BaseValue!$C$13*BaseValue!$C$13))) -> 1 | H7: =B7*D7 -> 13.6125 | I7: =H7*G7 -> 13.6125 | J7: =C7/BaseValue!$C$9 -> 3 | K7: =ROUND(BaseValue!$C$8/(B7*D7), 2) -> 22.04 | L7: 왕국기사단 병사
A8: Crossbowman | B8: =VLOOKUP($A8, Units!$A$2:$I$1000, 6, FALSE) -> 27.5 | C8: =VLOOKUP($A8, Units!$A$2:$I$1000, 5, FALSE) -> 75 | D8: =VLOOKUP($A8, Units!$A$2:$I$1000, 4, FALSE) -> 0.165 | E8: =VLOOKUP($A8, Units!$A$2:$I$1000, 9, FALSE) -> 0 | F8: =E8/2 -> 0 | G8: =IF(E8=0,1,_xlfn.CEILING.MATH(0.9069*(F8*F8)/(BaseValue!$C$13*BaseValue!$C$13))) -> 1 | H8: =B8*D8 -> 4.5375 | I8: =H8*G8 -> 4.5375 | J8: =C8/BaseValue!$C$9 -> 3 | K8: =ROUND(BaseValue!$C$8/(B8*D8), 2) -> 66.12 | L8: 왕국기사단 석궁사수
A9: Tank | B9: =VLOOKUP($A9, Units!$A$2:$I$1000, 6, FALSE) -> 33.75 | C9: =VLOOKUP($A9, Units!$A$2:$I$1000, 5, FALSE) -> 105 | D9: =VLOOKUP($A9, Units!$A$2:$I$1000, 4, FALSE) -> 0.33 | E9: =VLOOKUP($A9, Units!$A$2:$I$1000, 9, FALSE) -> 0 | F9: =E9/2 -> 0 | G9: =IF(E9=0,1,_xlfn.CEILING.MATH(0.9069*(F9*F9)/(BaseValue!$C$13*BaseValue!$C$13))) -> 1 | H9: =B9*D9 -> 11.1375 | I9: =H9*G9 -> 11.1375 | J9: =C9/BaseValue!$C$9 -> 4.2 | K9: =ROUND(BaseValue!$C$8/(B9*D9), 2) -> 26.94 | L9: 왕국기사단 수호병
A10: Dog | B10: =VLOOKUP($A10, Units!$A$2:$I$1000, 6, FALSE) -> 41.25 | C10: =VLOOKUP($A10, Units!$A$2:$I$1000, 5, FALSE) -> 60 | D10: =VLOOKUP($A10, Units!$A$2:$I$1000, 4, FALSE) -> 0.33 | E10: =VLOOKUP($A10, Units!$A$2:$I$1000, 9, FALSE) -> 0 | F10: =E10/2 -> 0 | G10: =IF(E10=0,1,_xlfn.CEILING.MATH(0.9069*(F10*F10)/(BaseValue!$C$13*BaseValue!$C$13))) -> 1 | H10: =B10*D10 -> 13.6125 | I10: =H10*G10 -> 13.6125 | J10: =C10/BaseValue!$C$9 -> 2.4 | K10: =ROUND(BaseValue!$C$8/(B10*D10), 2) -> 22.04 | L10: 사냥개
A11: EliteKnight | B11: =VLOOKUP($A11, Units!$A$2:$I$1000, 6, FALSE) -> 37.5 | C11: =VLOOKUP($A11, Units!$A$2:$I$1000, 5, FALSE) -> 900 | D11: =VLOOKUP($A11, Units!$A$2:$I$1000, 4, FALSE) -> 1 | E11: =VLOOKUP($A11, Units!$A$2:$I$1000, 9, FALSE) -> 30 | F11: =E11/2 -> 15 | G11: =IF(E11=0,1,_xlfn.CEILING.MATH(0.9069*(F11*F11)/(BaseValue!$C$13*BaseValue!$C$13))) -> 2 | H11: =B11*D11 -> 37.5 | I11: =H11*G11 -> 75 | J11: =C11/BaseValue!$C$9 -> 36 | K11: =ROUND(BaseValue!$C$8/(B11*D11), 2) -> 8 | L11: 왕국기사단 정식기사
A12: FleeSoldier | B12: =VLOOKUP($A12, Units!$A$2:$I$1000, 6, FALSE) -> 41.25 | C12: =VLOOKUP($A12, Units!$A$2:$I$1000, 5, FALSE) -> 75 | D12: =VLOOKUP($A12, Units!$A$2:$I$1000, 4, FALSE) -> 0.33 | E12: =VLOOKUP($A12, Units!$A$2:$I$1000, 9, FALSE) -> 0 | F12: =E12/2 -> 0 | G12: =IF(E12=0,1,_xlfn.CEILING.MATH(0.9069*(F12*F12)/(BaseValue!$C$13*BaseValue!$C$13))) -> 1 | H12: =B12*D12 -> 13.6125 | I12: =H12*G12 -> 13.6125 | J12: =C12/BaseValue!$C$9 -> 3 | K12: =ROUND(BaseValue!$C$8/(B12*D12), 2) -> 22.04 | L12: 왕국기사단 겁쟁이 병사
A13: FleeCrossbowman | B13: =VLOOKUP($A13, Units!$A$2:$I$1000, 6, FALSE) -> 41.25 | C13: =VLOOKUP($A13, Units!$A$2:$I$1000, 5, FALSE) -> 75 | D13: =VLOOKUP($A13, Units!$A$2:$I$1000, 4, FALSE) -> 0.33 | E13: =VLOOKUP($A13, Units!$A$2:$I$1000, 9, FALSE) -> 0 | F13: =E13/2 -> 0 | G13: =IF(E13=0,1,_xlfn.CEILING.MATH(0.9069*(F13*F13)/(BaseValue!$C$13*BaseValue!$C$13))) -> 1 | H13: =B13*D13 -> 13.6125 | I13: =H13*G13 -> 13.6125 | J13: =C13/BaseValue!$C$9 -> 3 | K13: =ROUND(BaseValue!$C$8/(B13*D13), 2) -> 22.04 | L13: 왕국기사단 겁쟁이 석궁사수
... A17: Whirlwind | B17: =VLOOKUP($A17, Units!$A$2:$I$1000, 6, FALSE) -> 41.25 | C17: =VLOOKUP($A17, Units!$A$2:$I$1000, 5, FALSE) -> 75 | D17: =VLOOKUP($A17, Units!$A$2:$I$1000, 4, FALSE) -> 0.33 | E17: =VLOOKUP($A17, Units!$A$2:$I$1000, 9, FALSE) -> 30 | F17: =E17/2 -> 15 | G17: =IF(E17=0,1,_xlfn.CEILING.MATH(0.9069*(F17*F17)/(BaseValue!$C$13*BaseValue!$C$13))) -> 2 | H17: =B17*D17 -> 13.6125 | I17: =H17*G17 -> 27.225 | J17: =C17/BaseValue!$C$9 -> 3 | K17: =ROUND(BaseValue!$C$8/(B17*D17), 2) -> 22.04 | L17: 왕국기사단 대형도끼병
